id,x,y,z,grainId,colorRGB,energy
0,0,0,0,8,0 203 255,0
1,0,1,0,8,0 203 255,0
2,0,2,0,8,0 203 255,0
3,0,3,0,8,0 203 255,0
4,0,4,0,8,0 203 255,1
5,0,5,0,8,0 203 255,4
6,0,6,0,14,255 0 102,2
7,0,7,0,14,255 0 102,0
8,0,8,0,14,255 0 102,0
9,0,9,0,14,255 0 102,0
10,0,10,0,14,255 0 102,0
11,0,11,0,14,255 0 102,0
12,0,12,0,14,255 0 102,0
13,0,13,0,14,255 0 102,0
14,0,14,0,14,255 0 102,0
15,0,15,0,14,255 0 102,0
16,0,16,0,14,255 0 102,0
17,0,17,0,14,255 0 102,0
18,0,18,0,14,255 0 102,1
19,0,19,0,14,255 0 102,4
20,0,20,0,12,204 0 255,2
21,0,21,0,12,204 0 255,0
22,0,22,0,12,204 0 255,0
23,0,23,0,12,204 0 255,0
24,0,24,0,12,204 0 255,0
25,0,25,0,12,204 0 255,0
26,0,26,0,12,204 0 255,0
27,0,27,0,12,204 0 255,0
28,0,28,0,12,204 0 255,3
29,0,29,0,8,0 203 255,3
30,1,0,0,8,0 203 255,0
31,1,1,0,8,0 203 255,0
32,1,2,0,8,0 203 255,1
33,1,3,0,8,0 203 255,2
34,1,4,0,8,0 203 255,4
35,1,5,0,14,255 0 102,4
36,1,6,0,14,255 0 102,1
37,1,7,0,14,255 0 102,0
38,1,8,0,14,255 0 102,0
39,1,9,0,14,255 0 102,0
40,1,10,0,14,255 0 102,0
41,1,11,0,14,255 0 102,0
42,1,12,0,14,255 0 102,0
43,1,13,0,14,255 0 102,0
44,1,14,0,14,255 0 102,0
45,1,15,0,14,255 0 102,0
46,1,16,0,14,255 0 102,0
47,1,17,0,14,255 0 102,1
48,1,18,0,14,255 0 102,3
49,1,19,0,12,204 0 255,3
50,1,20,0,12,204 0 255,1
51,1,21,0,12,204 0 255,0
52,1,22,0,12,204 0 255,0
53,1,23,0,12,204 0 255,0
54,1,24,0,12,204 0 255,0
55,1,25,0,12,204 0 255,0
56,1,26,0,12,204 0 255,0
57,1,27,0,12,204 0 255,0
58,1,28,0,12,204 0 255,3
59,1,29,0,8,0 203 255,3
60,2,0,0,8,0 203 255,3
61,2,1,0,8,0 203 255,3
62,2,2,0,8,0 203 255,4
63,2,3,0,9,0 101 255,4
64,2,4,0,9,0 101 255,5
65,2,5,0,14,255 0 102,3
66,2,6,0,14,255 0 102,0
67,2,7,0,14,255 0 102,0
68,2,8,0,14,255 0 102,0
69,2,9,0,14,255 0 102,0
70,2,10,0,14,255 0 102,0
71,2,11,0,14,255 0 102,0
72,2,12,0,14,255 0 102,0
73,2,13,0,14,255 0 102,0
74,2,14,0,14,255 0 102,0
75,2,15,0,14,255 0 102,0
76,2,16,0,14,255 0 102,1
77,2,17,0,14,255 0 102,3
78,2,18,0,12,204 0 255,3
79,2,19,0,12,204 0 255,1
80,2,20,0,12,204 0 255,0
81,2,21,0,12,204 0 255,0
82,2,22,0,12,204 0 255,0
83,2,23,0,12,204 0 255,0
84,2,24,0,12,204 0 255,0
85,2,25,0,12,204 0 255,0
86,2,26,0,12,204 0 255,0
87,2,27,0,12,204 0 255,0
88,2,28,0,12,204 0 255,3
89,2,29,0,8,0 203 255,5
90,3,0,0,9,0 101 255,3
91,3,1,0,9,0 101 255,3
92,3,2,0,9,0 101 255,2
93,3,3,0,9,0 101 255,1
94,3,4,0,9,0 101 255,3
95,3,5,0,14,255 0 102,3
96,3,6,0,14,255 0 102,0
97,3,7,0,14,255 0 102,0
98,3,8,0,14,255 0 102,0
99,3,9,0,14,255 0 102,0
100,3,10,0,14,255 0 102,0
101,3,11,0,14,255 0 102,0
102,3,12,0,14,255 0 102,0
103,3,13,0,14,255 0 102,0
104,3,14,0,14,255 0 102,0
105,3,15,0,14,255 0 102,1
106,3,16,0,14,255 0 102,3
107,3,17,0,12,204 0 255,3
108,3,18,0,12,204 0 255,1
109,3,19,0,12,204 0 255,0
110,3,20,0,12,204 0 255,0
111,3,21,0,12,204 0 255,0
112,3,22,0,12,204 0 255,0
113,3,23,0,12,204 0 255,0
114,3,24,0,12,204 0 255,0
115,3,25,0,12,204 0 255,0
116,3,26,0,12,204 0 255,0
117,3,27,0,12,204 0 255,0
118,3,28,0,12,204 0 255,3
119,3,29,0,9,0 101 255,5
120,4,0,0,9,0 101 255,0
121,4,1,0,9,0 101 255,0
122,4,2,0,9,0 101 255,0
123,4,3,0,9,0 101 255,0
124,4,4,0,9,0 101 255,3
125,4,5,0,14,255 0 102,3
126,4,6,0,14,255 0 102,0
127,4,7,0,14,255 0 102,0
128,4,8,0,14,255 0 102,0
129,4,9,0,14,255 0 102,0
130,4,10,0,14,255 0 102,0
131,4,11,0,14,255 0 102,0
132,4,12,0,14,255 0 102,0
133,4,13,0,14,255 0 102,0
134,4,14,0,14,255 0 102,1
135,4,15,0,14,255 0 102,3
136,4,16,0,12,204 0 255,4
137,4,17,0,12,204 0 255,1
138,4,18,0,12,204 0 255,0
139,4,19,0,12,204 0 255,0
140,4,20,0,12,204 0 255,0
141,4,21,0,12,204 0 255,0
142,4,22,0,12,204 0 255,0
143,4,23,0,12,204 0 255,0
144,4,24,0,12,204 0 255,0
145,4,25,0,12,204 0 255,0
146,4,26,0,12,204 0 255,0
147,4,27,0,12,204 0 255,0
148,4,28,0,12,204 0 255,3
149,4,29,0,9,0 101 255,3
150,5,0,0,9,0 101 255,2
151,5,1,0,9,0 101 255,1
152,5,2,0,9,0 101 255,0
153,5,3,0,9,0 101 255,0
154,5,4,0,9,0 101 255,3
155,5,5,0,14,255 0 102,3
156,5,6,0,14,255 0 102,0
157,5,7,0,14,255 0 102,0
158,5,8,0,14,255 0 102,0
159,5,9,0,14,255 0 102,0
160,5,10,0,14,255 0 102,0
161,5,11,0,14,255 0 102,0
162,5,12,0,14,255 0 102,0
163,5,13,0,14,255 0 102,1
164,5,14,0,14,255 0 102,3
165,5,15,0,2,255 204 0,5
166,5,16,0,12,204 0 255,4
167,5,17,0,12,204 0 255,1
168,5,18,0,12,204 0 255,0
169,5,19,0,12,204 0 255,0
170,5,20,0,12,204 0 255,0
171,5,21,0,12,204 0 255,0
172,5,22,0,12,204 0 255,0
173,5,23,0,12,204 0 255,0
174,5,24,0,12,204 0 255,0
175,5,25,0,12,204 0 255,0
176,5,26,0,12,204 0 255,0
177,5,27,0,12,204 0 255,0
178,5,28,0,12,204 0 255,3
179,5,29,0,9,0 101 255,5
180,6,0,0,4,101 255 0,4
181,6,1,0,9,0 101 255,4
182,6,2,0,9,0 101 255,3
183,6,3,0,9,0 101 255,3
184,6,4,0,9,0 101 255,5
185,6,5,0,14,255 0 102,3
186,6,6,0,14,255 0 102,0
187,6,7,0,14,255 0 102,0
188,6,8,0,14,255 0 102,0
189,6,9,0,14,255 0 102,0
190,6,10,0,14,255 0 102,0
191,6,11,0,14,255 0 102,0
192,6,12,0,14,255 0 102,1
193,6,13,0,14,255 0 102,3
194,6,14,0,2,255 204 0,3
195,6,15,0,2,255 204 0,2
196,6,16,0,2,255 204 0,4
197,6,17,0,12,204 0 255,2
198,6,18,0,12,204 0 255,0
199,6,19,0,12,204 0 255,0
200,6,20,0,12,204 0 255,0
201,6,21,0,12,204 0 255,0
202,6,22,0,12,204 0 255,0
203,6,23,0,12,204 0 255,0
204,6,24,0,12,204 0 255,0
205,6,25,0,12,204 0 255,0
206,6,26,0,12,204 0 255,0
207,6,27,0,12,204 0 255,0
208,6,28,0,12,204 0 255,3
209,6,29,0,4,101 255 0,5
210,7,0,0,4,101 255 0,1
211,7,1,0,4,101 255 0,2
212,7,2,0,4,101 255 0,3
213,7,3,0,4,101 255 0,3
214,7,4,0,4,101 255 0,5
215,7,5,0,14,255 0 102,3
216,7,6,0,14,255 0 102,0
217,7,7,0,14,255 0 102,0
218,7,8,0,14,255 0 102,0
219,7,9,0,14,255 0 102,0
220,7,10,0,14,255 0 102,0
221,7,11,0,14,255 0 102,1
222,7,12,0,14,255 0 102,3
223,7,13,0,2,255 204 0,3
224,7,14,0,2,255 204 0,1
225,7,15,0,2,255 204 0,0
226,7,16,0,2,255 204 0,3
227,7,17,0,12,204 0 255,3
228,7,18,0,12,204 0 255,0
229,7,19,0,12,204 0 255,0
230,7,20,0,12,204 0 255,0
231,7,21,0,12,204 0 255,0
232,7,22,0,12,204 0 255,0
233,7,23,0,12,204 0 255,0
234,7,24,0,12,204 0 255,0
235,7,25,0,12,204 0 255,0
236,7,26,0,12,204 0 255,0
237,7,27,0,12,204 0 255,0
238,7,28,0,12,204 0 255,2
239,7,29,0,4,101 255 0,4
240,8,0,0,4,101 255 0,2
241,8,1,0,4,101 255 0,1
242,8,2,0,4,101 255 0,0
243,8,3,0,4,101 255 0,0
244,8,4,0,4,101 255 0,2
245,8,5,0,14,255 0 102,4
246,8,6,0,14,255 0 102,1
247,8,7,0,14,255 0 102,0
248,8,8,0,14,255 0 102,0
249,8,9,0,14,255 0 102,0
250,8,10,0,14,255 0 102,1
251,8,11,0,14,255 0 102,3
252,8,12,0,2,255 204 0,3
253,8,13,0,2,255 204 0,1
254,8,14,0,2,255 204 0,0
255,8,15,0,2,255 204 0,0
256,8,16,0,2,255 204 0,3
257,8,17,0,12,204 0 255,3
258,8,18,0,12,204 0 255,0
259,8,19,0,12,204 0 255,0
260,8,20,0,12,204 0 255,0
261,8,21,0,12,204 0 255,0
262,8,22,0,12,204 0 255,0
263,8,23,0,12,204 0 255,0
264,8,24,0,12,204 0 255,0
265,8,25,0,12,204 0 255,0
266,8,26,0,12,204 0 255,0
267,8,27,0,12,204 0 255,0
268,8,28,0,12,204 0 255,1
269,8,29,0,12,204 0 255,4
270,9,0,0,7,0 255 203,4
271,9,1,0,4,101 255 0,3
272,9,2,0,4,101 255 0,1
273,9,3,0,4,101 255 0,0
274,9,4,0,4,101 255 0,1
275,9,5,0,4,101 255 0,3
276,9,6,0,14,255 0 102,3
277,9,7,0,14,255 0 102,2
278,9,8,0,14,255 0 102,2
279,9,9,0,14,255 0 102,3
280,9,10,0,14,255 0 102,4
281,9,11,0,2,255 204 0,3
282,9,12,0,2,255 204 0,1
283,9,13,0,2,255 204 0,0
284,9,14,0,2,255 204 0,0
285,9,15,0,2,255 204 0,0
286,9,16,0,2,255 204 0,3
287,9,17,0,12,204 0 255,3
288,9,18,0,12,204 0 255,0
289,9,19,0,12,204 0 255,0
290,9,20,0,12,204 0 255,0
291,9,21,0,12,204 0 255,0
292,9,22,0,12,204 0 255,0
293,9,23,0,12,204 0 255,0
294,9,24,0,12,204 0 255,0
295,9,25,0,12,204 0 255,0
296,9,26,0,12,204 0 255,0
297,9,27,0,12,204 0 255,0
298,9,28,0,12,204 0 255,1
299,9,29,0,12,204 0 255,4
300,10,0,0,7,0 255 203,1
301,10,1,0,7,0 255 203,3
302,10,2,0,4,101 255 0,3
303,10,3,0,4,101 255 0,1
304,10,4,0,4,101 255 0,0
305,10,5,0,4,101 255 0,1
306,10,6,0,4,101 255 0,4
307,10,7,0,14,255 0 102,5
308,10,8,0,2,255 204 0,4
309,10,9,0,2,255 204 0,3
310,10,10,0,2,255 204 0,2
311,10,11,0,2,255 204 0,1
312,10,12,0,2,255 204 0,0
313,10,13,0,2,255 204 0,0
314,10,14,0,2,255 204 0,0
315,10,15,0,2,255 204 0,0
316,10,16,0,2,255 204 0,3
317,10,17,0,12,204 0 255,3
318,10,18,0,12,204 0 255,0
319,10,19,0,12,204 0 255,0
320,10,20,0,12,204 0 255,0
321,10,21,0,12,204 0 255,0
322,10,22,0,12,204 0 255,0
323,10,23,0,12,204 0 255,0
324,10,24,0,12,204 0 255,0
325,10,25,0,12,204 0 255,0
326,10,26,0,12,204 0 255,0
327,10,27,0,12,204 0 255,0
328,10,28,0,12,204 0 255,2
329,10,29,0,7,0 255 203,4
330,11,0,0,7,0 255 203,0
331,11,1,0,7,0 255 203,1
332,11,2,0,7,0 255 203,3
333,11,3,0,4,101 255 0,3
334,11,4,0,4,101 255 0,1
335,11,5,0,4,101 255 0,0
336,11,6,0,4,101 255 0,3
337,11,7,0,2,255 204 0,4
338,11,8,0,2,255 204 0,1
339,11,9,0,2,255 204 0,0
340,11,10,0,2,255 204 0,0
341,11,11,0,2,255 204 0,0
342,11,12,0,2,255 204 0,0
343,11,13,0,2,255 204 0,0
344,11,14,0,2,255 204 0,0
345,11,15,0,2,255 204 0,0
346,11,16,0,2,255 204 0,2
347,11,17,0,12,204 0 255,4
348,11,18,0,12,204 0 255,1
349,11,19,0,12,204 0 255,0
350,11,20,0,12,204 0 255,0
351,11,21,0,12,204 0 255,0
352,11,22,0,12,204 0 255,0
353,11,23,0,12,204 0 255,0
354,11,24,0,12,204 0 255,0
355,11,25,0,12,204 0 255,0
356,11,26,0,12,204 0 255,0
357,11,27,0,12,204 0 255,0
358,11,28,0,12,204 0 255,3
359,11,29,0,7,0 255 203,3
360,12,0,0,7,0 255 203,0
361,12,1,0,7,0 255 203,0
362,12,2,0,7,0 255 203,1
363,12,3,0,7,0 255 203,4
364,12,4,0,4,101 255 0,4
365,12,5,0,4,101 255 0,3
366,12,6,0,4,101 255 0,5
367,12,7,0,2,255 204 0,3
368,12,8,0,2,255 204 0,0
369,12,9,0,2,255 204 0,0
370,12,10,0,2,255 204 0,0
371,12,11,0,2,255 204 0,0
372,12,12,0,2,255 204 0,0
373,12,13,0,2,255 204 0,0
374,12,14,0,2,255 204 0,0
375,12,15,0,2,255 204 0,0
376,12,16,0,2,255 204 0,1
377,12,17,0,2,255 204 0,4
378,12,18,0,12,204 0 255,3
379,12,19,0,12,204 0 255,1
380,12,20,0,12,204 0 255,0
381,12,21,0,12,204 0 255,0
382,12,22,0,12,204 0 255,0
383,12,23,0,12,204 0 255,0
384,12,24,0,12,204 0 255,0
385,12,25,0,12,204 0 255,0
386,12,26,0,12,204 0 255,0
387,12,27,0,12,204 0 255,0
388,12,28,0,12,204 0 255,3
389,12,29,0,7,0 255 203,3
390,13,0,0,7,0 255 203,0
391,13,1,0,7,0 255 203,0
392,13,2,0,7,0 255 203,1
393,13,3,0,7,0 255 203,4
394,13,4,0,6,0 255 102,4
395,13,5,0,6,0 255 102,3
396,13,6,0,6,0 255 102,4
397,13,7,0,2,255 204 0,4
398,13,8,0,2,255 204 0,1
399,13,9,0,2,255 204 0,0
400,13,10,0,2,255 204 0,0
401,13,11,0,2,255 204 0,0
402,13,12,0,2,255 204 0,0
403,13,13,0,2,255 204 0,0
404,13,14,0,2,255 204 0,0
405,13,15,0,2,255 204 0,0
406,13,16,0,2,255 204 0,1
407,13,17,0,2,255 204 0,4
408,13,18,0,5,0 255 0,5
409,13,19,0,12,204 0 255,3
410,13,20,0,12,204 0 255,1
411,13,21,0,12,204 0 255,0
412,13,22,0,12,204 0 255,0
413,13,23,0,12,204 0 255,0
414,13,24,0,12,204 0 255,0
415,13,25,0,12,204 0 255,0
416,13,26,0,12,204 0 255,0
417,13,27,0,12,204 0 255,0
418,13,28,0,12,204 0 255,3
419,13,29,0,7,0 255 203,3
420,14,0,0,7,0 255 203,1
421,14,1,0,7,0 255 203,2
422,14,2,0,7,0 255 203,4
423,14,3,0,6,0 255 102,3
424,14,4,0,6,0 255 102,1
425,14,5,0,6,0 255 102,0
426,14,6,0,6,0 255 102,1
427,14,7,0,6,0 255 102,3
428,14,8,0,2,255 204 0,3
429,14,9,0,2,255 204 0,1
430,14,10,0,2,255 204 0,0
431,14,11,0,2,255 204 0,0
432,14,12,0,2,255 204 0,0
433,14,13,0,2,255 204 0,0
434,14,14,0,2,255 204 0,0
435,14,15,0,2,255 204 0,0
436,14,16,0,2,255 204 0,2
437,14,17,0,5,0 255 0,4
438,14,18,0,5,0 255 0,2
439,14,19,0,5,0 255 0,3
440,14,20,0,12,204 0 255,4
441,14,21,0,12,204 0 255,2
442,14,22,0,12,204 0 255,1
443,14,23,0,12,204 0 255,0
444,14,24,0,12,204 0 255,0
445,14,25,0,12,204 0 255,0
446,14,26,0,12,204 0 255,0
447,14,27,0,12,204 0 255,0
448,14,28,0,12,204 0 255,2
449,14,29,0,7,0 255 203,4
450,15,0,0,7,0 255 203,4
451,15,1,0,6,0 255 102,4
452,15,2,0,6,0 255 102,2
453,15,3,0,6,0 255 102,1
454,15,4,0,6,0 255 102,0
455,15,5,0,6,0 255 102,0
456,15,6,0,6,0 255 102,0
457,15,7,0,6,0 255 102,1
458,15,8,0,6,0 255 102,4
459,15,9,0,2,255 204 0,2
460,15,10,0,2,255 204 0,0
461,15,11,0,2,255 204 0,0
462,15,12,0,2,255 204 0,0
463,15,13,0,2,255 204 0,0
464,15,14,0,2,255 204 0,0
465,15,15,0,2,255 204 0,0
466,15,16,0,2,255 204 0,3
467,15,17,0,5,0 255 0,3
468,15,18,0,5,0 255 0,0
469,15,19,0,5,0 255 0,1
470,15,20,0,5,0 255 0,2
471,15,21,0,5,0 255 0,4
472,15,22,0,12,204 0 255,3
473,15,23,0,12,204 0 255,1
474,15,24,0,12,204 0 255,0
475,15,25,0,12,204 0 255,0
476,15,26,0,12,204 0 255,0
477,15,27,0,12,204 0 255,0
478,15,28,0,12,204 0 255,2
479,15,29,0,12,204 0 255,5
480,16,0,0,6,0 255 102,2
481,16,1,0,6,0 255 102,1
482,16,2,0,6,0 255 102,0
483,16,3,0,6,0 255 102,0
484,16,4,0,6,0 255 102,0
485,16,5,0,6,0 255 102,0
486,16,6,0,6,0 255 102,0
487,16,7,0,6,0 255 102,0
488,16,8,0,6,0 255 102,3
489,16,9,0,2,255 204 0,3
490,16,10,0,2,255 204 0,0
491,16,11,0,2,255 204 0,0
492,16,12,0,2,255 204 0,0
493,16,13,0,2,255 204 0,0
494,16,14,0,2,255 204 0,0
495,16,15,0,2,255 204 0,1
496,16,16,0,2,255 204 0,4
497,16,17,0,5,0 255 0,2
498,16,18,0,5,0 255 0,0
499,16,19,0,5,0 255 0,0
500,16,20,0,5,0 255 0,0
501,16,21,0,5,0 255 0,1
502,16,22,0,5,0 255 0,3
503,16,23,0,12,204 0 255,3
504,16,24,0,12,204 0 255,1
505,16,25,0,12,204 0 255,0
506,16,26,0,12,204 0 255,0
507,16,27,0,12,204 0 255,1
508,16,28,0,12,204 0 255,3
509,16,29,0,6,0 255 102,5
510,17,0,0,6,0 255 102,0
511,17,1,0,6,0 255 102,0
512,17,2,0,6,0 255 102,0
513,17,3,0,6,0 255 102,0
514,17,4,0,6,0 255 102,0
515,17,5,0,6,0 255 102,0
516,17,6,0,6,0 255 102,0
517,17,7,0,6,0 255 102,0
518,17,8,0,6,0 255 102,2
519,17,9,0,2,255 204 0,4
520,17,10,0,2,255 204 0,1
521,17,11,0,2,255 204 0,0
522,17,12,0,2,255 204 0,0
523,17,13,0,2,255 204 0,0
524,17,14,0,2,255 204 0,0
525,17,15,0,2,255 204 0,2
526,17,16,0,5,0 255 0,4
527,17,17,0,5,0 255 0,1
528,17,18,0,5,0 255 0,0
529,17,19,0,5,0 255 0,0
530,17,20,0,5,0 255 0,0
531,17,21,0,5,0 255 0,0
532,17,22,0,5,0 255 0,1
533,17,23,0,5,0 255 0,3
534,17,24,0,12,204 0 255,3
535,17,25,0,12,204 0 255,1
536,17,26,0,12,204 0 255,1
537,17,27,0,12,204 0 255,3
538,17,28,0,10,0 0 255,6
539,17,29,0,6,0 255 102,3
540,18,0,0,6,0 255 102,2
541,18,1,0,6,0 255 102,1
542,18,2,0,6,0 255 102,0
543,18,3,0,6,0 255 102,0
544,18,4,0,6,0 255 102,0
545,18,5,0,6,0 255 102,0
546,18,6,0,6,0 255 102,0
547,18,7,0,6,0 255 102,0
548,18,8,0,6,0 255 102,1
549,18,9,0,6,0 255 102,3
550,18,10,0,2,255 204 0,3
551,18,11,0,2,255 204 0,1
552,18,12,0,2,255 204 0,0
553,18,13,0,2,255 204 0,0
554,18,14,0,2,255 204 0,1
555,18,15,0,2,255 204 0,4
556,18,16,0,5,0 255 0,2
557,18,17,0,5,0 255 0,0
558,18,18,0,5,0 255 0,0
559,18,19,0,5,0 255 0,0
560,18,20,0,5,0 255 0,0
561,18,21,0,5,0 255 0,0
562,18,22,0,5,0 255 0,0
563,18,23,0,5,0 255 0,2
564,18,24,0,5,0 255 0,5
565,18,25,0,12,204 0 255,4
566,18,26,0,12,204 0 255,4
567,18,27,0,10,0 0 255,3
568,18,28,0,10,0 0 255,3
569,18,29,0,6,0 255 102,5
570,19,0,0,11,102 0 255,4
571,19,1,0,6,0 255 102,3
572,19,2,0,6,0 255 102,1
573,19,3,0,6,0 255 102,0
574,19,4,0,6,0 255 102,0
575,19,5,0,6,0 255 102,0
576,19,6,0,6,0 255 102,0
577,19,7,0,6,0 255 102,0
578,19,8,0,6,0 255 102,0
579,19,9,0,6,0 255 102,2
580,19,10,0,6,0 255 102,5
581,19,11,0,2,255 204 0,3
582,19,12,0,2,255 204 0,1
583,19,13,0,2,255 204 0,1
584,19,14,0,2,255 204 0,3
585,19,15,0,5,0 255 0,4
586,19,16,0,5,0 255 0,1
587,19,17,0,5,0 255 0,0
588,19,18,0,5,0 255 0,0
589,19,19,0,5,0 255 0,0
590,19,20,0,5,0 255 0,0
591,19,21,0,5,0 255 0,0
592,19,22,0,5,0 255 0,1
593,19,23,0,5,0 255 0,3
594,19,24,0,10,0 0 255,4
595,19,25,0,10,0 0 255,3
596,19,26,0,10,0 0 255,2
597,19,27,0,10,0 0 255,1
598,19,28,0,10,0 0 255,1
599,19,29,0,10,0 0 255,4
600,20,0,0,11,102 0 255,1
601,20,1,0,11,102 0 255,3
602,20,2,0,6,0 255 102,3
603,20,3,0,6,0 255 102,1
604,20,4,0,6,0 255 102,0
605,20,5,0,6,0 255 102,0
606,20,6,0,6,0 255 102,0
607,20,7,0,6,0 255 102,0
608,20,8,0,6,0 255 102,1
609,20,9,0,6,0 255 102,3
610,20,10,0,15,255 0 0,4
611,20,11,0,15,255 0 0,4
612,20,12,0,2,255 204 0,4
613,20,13,0,2,255 204 0,4
614,20,14,0,3,203 255 0,5
615,20,15,0,5,0 255 0,5
616,20,16,0,5,0 255 0,2
617,20,17,0,5,0 255 0,1
618,20,18,0,5,0 255 0,1
619,20,19,0,5,0 255 0,2
620,20,20,0,5,0 255 0,3
621,20,21,0,5,0 255 0,3
622,20,22,0,5,0 255 0,4
623,20,23,0,10,0 0 255,3
624,20,24,0,10,0 0 255,1
625,20,25,0,10,0 0 255,0
626,20,26,0,10,0 0 255,0
627,20,27,0,10,0 0 255,0
628,20,28,0,10,0 0 255,0
629,20,29,0,10,0 0 255,3
630,21,0,0,11,102 0 255,0
631,21,1,0,11,102 0 255,1
632,21,2,0,11,102 0 255,3
633,21,3,0,6,0 255 102,3
634,21,4,0,6,0 255 102,1
635,21,5,0,6,0 255 102,1
636,21,6,0,6,0 255 102,2
637,21,7,0,6,0 255 102,3
638,21,8,0,6,0 255 102,4
639,21,9,0,15,255 0 0,3
640,21,10,0,15,255 0 0,1
641,21,11,0,15,255 0 0,2
642,21,12,0,15,255 0 0,5
643,21,13,0,3,203 255 0,3
644,21,14,0,3,203 255 0,2
645,21,15,0,3,203 255 0,2
646,21,16,0,3,203 255 0,5
647,21,17,0,5,0 255 0,3
648,21,18,0,5,0 255 0,3
649,21,19,0,10,0 0 255,4
650,21,20,0,10,0 0 255,3
651,21,21,0,10,0 0 255,3
652,21,22,0,10,0 0 255,2
653,21,23,0,10,0 0 255,1
654,21,24,0,10,0 0 255,0
655,21,25,0,10,0 0 255,0
656,21,26,0,10,0 0 255,0
657,21,27,0,10,0 0 255,0
658,21,28,0,10,0 0 255,0
659,21,29,0,10,0 0 255,3
660,22,0,0,11,102 0 255,0
661,22,1,0,11,102 0 255,0
662,22,2,0,11,102 0 255,1
663,22,3,0,11,102 0 255,3
664,22,4,0,6,0 255 102,4
665,22,5,0,6,0 255 102,4
666,22,6,0,15,255 0 0,4
667,22,7,0,15,255 0 0,3
668,22,8,0,15,255 0 0,2
669,22,9,0,15,255 0 0,1
670,22,10,0,15,255 0 0,0
671,22,11,0,15,255 0 0,2
672,22,12,0,3,203 255 0,4
673,22,13,0,3,203 255 0,1
674,22,14,0,3,203 255 0,0
675,22,15,0,3,203 255 0,0
676,22,16,0,3,203 255 0,2
677,22,17,0,5,0 255 0,6
678,22,18,0,10,0 0 255,5
679,22,19,0,10,0 0 255,2
680,22,20,0,10,0 0 255,0
681,22,21,0,10,0 0 255,0
682,22,22,0,10,0 0 255,0
683,22,23,0,10,0 0 255,0
684,22,24,0,10,0 0 255,0
685,22,25,0,10,0 0 255,0
686,22,26,0,10,0 0 255,0
687,22,27,0,10,0 0 255,0
688,22,28,0,10,0 0 255,0
689,22,29,0,10,0 0 255,3
690,23,0,0,11,102 0 255,0
691,23,1,0,11,102 0 255,0
692,23,2,0,11,102 0 255,0
693,23,3,0,11,102 0 255,1
694,23,4,0,11,102 0 255,4
695,23,5,0,15,255 0 0,4
696,23,6,0,15,255 0 0,1
697,23,7,0,15,255 0 0,0
698,23,8,0,15,255 0 0,0
699,23,9,0,15,255 0 0,0
700,23,10,0,15,255 0 0,0
701,23,11,0,15,255 0 0,3
702,23,12,0,3,203 255 0,3
703,23,13,0,3,203 255 0,0
704,23,14,0,3,203 255 0,0
705,23,15,0,3,203 255 0,0
706,23,16,0,3,203 255 0,2
707,23,17,0,3,203 255 0,5
708,23,18,0,13,255 0 203,5
709,23,19,0,10,0 0 255,3
710,23,20,0,10,0 0 255,1
711,23,21,0,10,0 0 255,0
712,23,22,0,10,0 0 255,0
713,23,23,0,10,0 0 255,0
714,23,24,0,10,0 0 255,0
715,23,25,0,10,0 0 255,0
716,23,26,0,10,0 0 255,0
717,23,27,0,10,0 0 255,0
718,23,28,0,10,0 0 255,0
719,23,29,0,10,0 0 255,3
720,24,0,0,11,102 0 255,0
721,24,1,0,11,102 0 255,0
722,24,2,0,11,102 0 255,0
723,24,3,0,11,102 0 255,0
724,24,4,0,11,102 0 255,3
725,24,5,0,15,255 0 0,3
726,24,6,0,15,255 0 0,0
727,24,7,0,15,255 0 0,0
728,24,8,0,15,255 0 0,0
729,24,9,0,15,255 0 0,0
730,24,10,0,15,255 0 0,1
731,24,11,0,15,255 0 0,4
732,24,12,0,3,203 255 0,2
733,24,13,0,3,203 255 0,0
734,24,14,0,3,203 255 0,0
735,24,15,0,3,203 255 0,0
736,24,16,0,3,203 255 0,2
737,24,17,0,13,255 0 203,4
738,24,18,0,13,255 0 203,2
739,24,19,0,13,255 0 203,3
740,24,20,0,10,0 0 255,3
741,24,21,0,10,0 0 255,1
742,24,22,0,10,0 0 255,0
743,24,23,0,10,0 0 255,0
744,24,24,0,10,0 0 255,0
745,24,25,0,10,0 0 255,0
746,24,26,0,10,0 0 255,0
747,24,27,0,10,0 0 255,0
748,24,28,0,10,0 0 255,0
749,24,29,0,10,0 0 255,3
750,25,0,0,11,102 0 255,0
751,25,1,0,11,102 0 255,0
752,25,2,0,11,102 0 255,0
753,25,3,0,11,102 0 255,0
754,25,4,0,11,102 0 255,3
755,25,5,0,15,255 0 0,3
756,25,6,0,15,255 0 0,0
757,25,7,0,15,255 0 0,0
758,25,8,0,15,255 0 0,0
759,25,9,0,15,255 0 0,1
760,25,10,0,15,255 0 0,3
761,25,11,0,3,203 255 0,5
762,25,12,0,3,203 255 0,2
763,25,13,0,3,203 255 0,0
764,25,14,0,3,203 255 0,0
765,25,15,0,3,203 255 0,0
766,25,16,0,3,203 255 0,3
767,25,17,0,13,255 0 203,3
768,25,18,0,13,255 0 203,0
769,25,19,0,13,255 0 203,1
770,25,20,0,13,255 0 203,3
771,25,21,0,10,0 0 255,3
772,25,22,0,10,0 0 255,1
773,25,23,0,10,0 0 255,0
774,25,24,0,10,0 0 255,0
775,25,25,0,10,0 0 255,0
776,25,26,0,10,0 0 255,0
777,25,27,0,10,0 0 255,0
778,25,28,0,10,0 0 255,0
779,25,29,0,10,0 0 255,3
780,26,0,0,11,102 0 255,0
781,26,1,0,11,102 0 255,0
782,26,2,0,11,102 0 255,0
783,26,3,0,11,102 0 255,1
784,26,4,0,11,102 0 255,4
785,26,5,0,15,255 0 0,2
786,26,6,0,15,255 0 0,0
787,26,7,0,15,255 0 0,0
788,26,8,0,15,255 0 0,1
789,26,9,0,15,255 0 0,3
790,26,10,0,1,255 102 0,4
791,26,11,0,1,255 102 0,4
792,26,12,0,3,203 255 0,3
793,26,13,0,3,203 255 0,1
794,26,14,0,3,203 255 0,0
795,26,15,0,3,203 255 0,0
796,26,16,0,3,203 255 0,3
797,26,17,0,13,255 0 203,3
798,26,18,0,13,255 0 203,0
799,26,19,0,13,255 0 203,0
800,26,20,0,13,255 0 203,1
801,26,21,0,13,255 0 203,3
802,26,22,0,10,0 0 255,3
803,26,23,0,10,0 0 255,1
804,26,24,0,10,0 0 255,0
805,26,25,0,10,0 0 255,0
806,26,26,0,10,0 0 255,0
807,26,27,0,10,0 0 255,0
808,26,28,0,10,0 0 255,0
809,26,29,0,10,0 0 255,3
810,27,0,0,11,102 0 255,0
811,27,1,0,11,102 0 255,0
812,27,2,0,11,102 0 255,0
813,27,3,0,11,102 0 255,2
814,27,4,0,15,255 0 0,4
815,27,5,0,15,255 0 0,1
816,27,6,0,15,255 0 0,0
817,27,7,0,15,255 0 0,1
818,27,8,0,15,255 0 0,3
819,27,9,0,1,255 102 0,3
820,27,10,0,1,255 102 0,1
821,27,11,0,1,255 102 0,1
822,27,12,0,1,255 102 0,4
823,27,13,0,3,203 255 0,2
824,27,14,0,3,203 255 0,0
825,27,15,0,3,203 255 0,0
826,27,16,0,3,203 255 0,3
827,27,17,0,13,255 0 203,3
828,27,18,0,13,255 0 203,0
829,27,19,0,13,255 0 203,0
830,27,20,0,13,255 0 203,0
831,27,21,0,13,255 0 203,1
832,27,22,0,13,255 0 203,3
833,27,23,0,10,0 0 255,3
834,27,24,0,10,0 0 255,1
835,27,25,0,10,0 0 255,0
836,27,26,0,10,0 0 255,0
837,27,27,0,10,0 0 255,0
838,27,28,0,10,0 0 255,0
839,27,29,0,10,0 0 255,3
840,28,0,0,11,102 0 255,3
841,28,1,0,11,102 0 255,3
842,28,2,0,11,102 0 255,3
843,28,3,0,11,102 0 255,5
844,28,4,0,15,255 0 0,4
845,28,5,0,15,255 0 0,1
846,28,6,0,15,255 0 0,1
847,28,7,0,15,255 0 0,3
848,28,8,0,1,255 102 0,5
849,28,9,0,1,255 102 0,2
850,28,10,0,1,255 102 0,0
851,28,11,0,1,255 102 0,0
852,28,12,0,1,255 102 0,3
853,28,13,0,3,203 255 0,3
854,28,14,0,3,203 255 0,0
855,28,15,0,3,203 255 0,0
856,28,16,0,3,203 255 0,3
857,28,17,0,13,255 0 203,3
858,28,18,0,13,255 0 203,0
859,28,19,0,13,255 0 203,0
860,28,20,0,13,255 0 203,0
861,28,21,0,13,255 0 203,0
862,28,22,0,13,255 0 203,1
863,28,23,0,13,255 0 203,4
864,28,24,0,10,0 0 255,2
865,28,25,0,10,0 0 255,0
866,28,26,0,10,0 0 255,0
867,28,27,0,10,0 0 255,0
868,28,28,0,10,0 0 255,1
869,28,29,0,10,0 0 255,4
870,29,0,0,8,0 203 255,3
871,29,1,0,8,0 203 255,3
872,29,2,0,8,0 203 255,3
873,29,3,0,8,0 203 255,3
874,29,4,0,8,0 203 255,4
875,29,5,0,15,255 0 0,4
876,29,6,0,15,255 0 0,4
877,29,7,0,14,255 0 102,4
878,29,8,0,14,255 0 102,4
879,29,9,0,1,255 102 0,4
880,29,10,0,1,255 102 0,3
881,29,11,0,1,255 102 0,3
882,29,12,0,1,255 102 0,5
883,29,13,0,3,203 255 0,5
884,29,14,0,3,203 255 0,3
885,29,15,0,3,203 255 0,3
886,29,16,0,3,203 255 0,5
887,29,17,0,13,255 0 203,5
888,29,18,0,13,255 0 203,3
889,29,19,0,13,255 0 203,3
890,29,20,0,13,255 0 203,3
891,29,21,0,13,255 0 203,3
892,29,22,0,13,255 0 203,3
893,29,23,0,13,255 0 203,5
894,29,24,0,10,0 0 255,5
895,29,25,0,10,0 0 255,3
896,29,26,0,10,0 0 255,3
897,29,27,0,10,0 0 255,3
898,29,28,0,10,0 0 255,4
899,29,29,0,8,0 203 255,5